municipio,uf,nome,categoria,presenca_peso,escopo,cobertura,foco,fonte,confianca,data_verificacao,censo_status
Rio Verde,GO,Consultebras,GERENCIADORA_GR,1.0,origem/sede local,atendimento ao transporte rodoviario,analise e gerenciamento de risco,https://www.consultebras.com.br/,alta,2026-08-11,PARCIAL
Uberlandia,MG,Insignia GR,GERENCIADORA_GR,1.0,empresa criada na cidade,nacional,gerenciamento de riscos logisticos 24x7,https://www.insigniagr.com/empresa,alta,2026-08-11,PARCIAL
Uberlandia,MG,Gertran,GERENCIADORA_GR,0.8,escritorio comercial,abrangencia nacional,gerenciamento de riscos monitoramento e rastreamento,https://gertran.com.br/quem-somos/,alta,2026-08-11,PARCIAL
Cuiaba,MT,Rondon GR,GERENCIADORA_GR,1.0,sede atual e postos avancados,Brasil,GR e monitoramento logistico focados no agronegocio,https://rondongr.com/,alta,2026-08-11,PARCIAL
Rondonopolis,MT,Global Rastreamento,GERENCIADORA_GR,1.0,central local,regional/nacional conforme operacao,gerenciamento de risco monitoramento e rastreamento,https://grglobal.com.br/institucional,alta,2026-08-11,PARCIAL
Rondonopolis,MT,America SAT,RASTREAMENTO,0.65,sede/endereco local,tecnologia para transportadoras,rastreamento de veiculos equipamentos e cargas,https://americasat.com.br/,alta,2026-08-11,PARCIAL
Rondonopolis,MT,MT Trac / Autotrac,RASTREAMENTO,0.65,concessionario local,sul de Mato Grosso e clientes nacionais,rastreamento monitoramento telemetria e gestao de frotas,https://mttrac.com.br/sobre,alta,2026-08-11,PARCIAL
Chapeco,SC,Angel Lira,GERENCIADORA_GR,1.0,sede,nacional (SP e RS tambem possuem unidades),gerenciamento de riscos logisticos premiada como referencia no Oeste Catarinense,https://angellira.com/,alta,2026-08-12,PARCIAL
Chapeco,SC,Vetta GR,GERENCIADORA_GR,0.8,filial,nacional (matriz em Sao Paulo/SP),gerenciamento de risco,http://www.vettagr.com.br/ondeestamos.html,alta,2026-08-12,PARCIAL
Cascavel,PR,Gerensat,GERENCIADORA_GR,0.9,sede,Oeste do Parana,monitoramento e gerenciamento de riscos de veiculos e cargas,https://www.econodata.com.br/consulta-empresa/08718709000139-gerensat-monitoramento-e-gerenciamento-de-riscos-de-veiculos-e-cargas-ltda,media-alta,2026-08-12,PARCIAL
Goiania,GO,Federal Solucoes Tecnicas,GERENCIADORA_GR,0.9,sede,nacional,gerenciamento de riscos logisticos,https://www.federalst.com.br/,alta,2026-08-12,PARCIAL
Campo Grande,MS,Upper GR,GERENCIADORA_GR,1.0,sede,Mato Grosso do Sul,gerenciamento de risco de transporte de cargas,lista credenciada AXA (reextraida diretamente),alta,2026-08-29,PARCIAL
Fortaleza,CE,GCI Risk,GERENCIADORA_GR,1.0,sede,Ceara e regiao Nordeste,gerenciamento de risco de transporte de cargas,lista credenciada AXA (reextraida diretamente),alta,2026-08-29,PARCIAL
Maceio,AL,Verttice,GERENCIADORA_GR,0.9,unidade regional,Alagoas Pernambuco SP e MG,gerenciamento de risco de transporte de cargas,lista credenciada AXA (reextraida diretamente),alta,2026-08-29,PARCIAL
Recife,PE,Verttice,GERENCIADORA_GR,0.9,unidade regional,Pernambuco Alagoas SP e MG,gerenciamento de risco de transporte de cargas,lista credenciada AXA (reextraida diretamente),alta,2026-08-29,PARCIAL
Araguaina,TO,TJ Gerenciamento,GERENCIADORA_GR,1.0,sede,unico registro de GR sediada em toda a regiao Norte na lista consultada,gerenciamento de risco de transporte de cargas,lista credenciada AXA (reextraida diretamente),alta,2026-08-29,PARCIAL
Cascavel,PR,Engerisco,GERENCIADORA_GR,0.9,sede,Oeste do Parana,gerenciamento de risco de transporte de cargas,lista credenciada AXA (reextraida diretamente),media-alta,2026-08-29,PARCIAL
Curitiba,PR,Global 5,GERENCIADORA_GR,0.9,sede,Parana,gerenciamento de risco de transporte de cargas,lista credenciada AXA (reextraida diretamente),media-alta,2026-08-29,PARCIAL
Curitiba,PR,GR Parceria,GERENCIADORA_GR,0.8,sede,Parana,gerenciamento de risco de transporte de cargas,lista credenciada AXA (reextraida diretamente),media-alta,2026-08-29,PARCIAL
Maringa,PR,Siga GR,GERENCIADORA_GR,0.9,sede,Parana,gerenciamento de risco de transporte de cargas,lista credenciada AXA (reextraida diretamente),media-alta,2026-08-29,PARCIAL
Porto Alegre,RS,Protege GR,GERENCIADORA_GR,0.9,sede,Rio Grande do Sul,gerenciamento de risco de transporte de cargas,lista credenciada AXA (reextraida diretamente),media-alta,2026-08-29,PARCIAL
Osasco,SP,Skymark,GERENCIADORA_GR,1.0,sede,nacional forte em SP e RJ,gerenciamento de risco de transporte de cargas,site institucional e lista AXA,alta,2026-08-29,PARCIAL
Sao Paulo,SP,Brasil Risk,GERENCIADORA_GR,1.0,sede,todo o territorio nacional,gerenciamento de risco de transporte de cargas,site institucional e lista AXA,alta,2026-08-29,PARCIAL
Sao Paulo,SP,Buonny,GERENCIADORA_GR,1.0,sede,todo o Brasil e Mercosul,gerenciamento de risco de transporte de cargas,site institucional e lista AXA/Porto Seguro,alta,2026-08-29,PARCIAL
Rondonopolis,MT,Buonny,GERENCIADORA_GR,0.5,posto avancado remoto sem sede local,agronegocio Mato Grosso,vaga de Inspetor de Riscos publicada localmente pela Buonny,vaga de emprego Buonny,media-alta,2026-08-29,PARCIAL
Rio de Janeiro,RJ,Golden Service,GERENCIADORA_GR,1.0,sede,Rio de Janeiro,gerenciamento de risco de transporte de cargas,lista credenciada AXA (reextraida diretamente),alta,2026-08-29,PARCIAL
Uberlandia,MG,DI Gerenciadora,GERENCIADORA_GR,0.8,sede,Minas Gerais,gerenciamento de risco de transporte de cargas,lista credenciada AXA (reextraida diretamente),media-alta,2026-08-29,PARCIAL
